nursery_id,county,longitude,latitude,owner_first_name,phone,num_seedlings,num_species,dist_to_major_road_km
TN001,Busia,34.025703,-0.009967,Mukhwana,+254722784816,4700,6,5.9
TN002,Bungoma,34.557114,0.877795,Dennis,+254790680658,4100,5,0.6
TN003,Bungoma,34.919679,0.728574,Evans,+254112835010,2400,7,1.9
TN004,Homa Bay,34.391693,-0.631972,Dennis,+254710659088,3100,6,5.7
TN005,Trans Nzoia,35.188344,1.13677,Kemunto,+254112118883,7500,9,7.5
TN006,Trans Nzoia,34.872308,1.079535,Wafula,+254712819310,3800,5,1.1
TN007,Homa Bay,34.009537,-0.486873,Onyango,+254790720149,9650,8,6.2
TN008,Kakamega,34.771628,0.438784,Lucy,+254712545510,8050,9,3.7
TN009,Vihiga,34.771494,0.05979,Onyango,+254768107673,15900,12,1.6
TN010,Kisumu,34.901284,-0.135285,Hellen,+254112526107,2700,5,6.1
TN011,Kisumu,35.143461,-0.047386,Bosibori,+254701292373,4650,6,2.5
TN012,Kakamega,35.108986,0.728239,Naliaka,+254790227143,1550,5,2.4
TN013,Kakamega,34.813249,0.426907,Jane,+254790386068,6950,9,5.3
TN014,Siaya,34.335711,-0.124039,Jacinta,+254745605507,2100,6,2.4
TN015,Homa Bay,34.197792,-0.638048,Pauline,+254710133897,6950,11,0.6
TN016,Homa Bay,34.733057,-0.366757,Barasa,+254722366321,3100,4,7.3
TN017,Nyamira,35.01831,-0.634773,Cyprian,+254790457268,3400,6,5.7
TN018,Bungoma,34.492388,0.972214,Nekesa,+254112787496,4900,8,2.6
TN019,Migori,34.457623,-0.921552,Evans,+254701479301,2050,5,10.5
TN020,Busia,34.01599,0.159116,Samuel,+254701740596,2200,7,4.6
TN021,Bungoma,34.664322,0.779431,Mukhwana,+254722960079,2250,6,1.6
TN022,Kakamega,34.805042,0.42715,Jacinta,+254701528270,2450,6,2.5
TN023,Bungoma,34.815426,0.783596,Cyprian,+254768445966,6950,12,4.5
TN024,Homa Bay,34.374367,-0.847992,Beatrice,+254790847809,2800,5,2.7
TN025,Bungoma,34.443027,0.688416,Peter,+254112856769,2350,6,1.3
TN026,Kisumu,34.787024,-0.16251,Beatrice,+254110602566,8300,10,2.4
TN027,Bungoma,34.447842,0.759722,Wycliffe,+254745751352,7350,8,12.2
TN028,Vihiga,34.620168,0.118521,Nekesa,+254712482891,3450,7,0.5
TN029,Trans Nzoia,34.893791,0.903929,Achieng,+254722973614,36150,14,3.7
TN030,Vihiga,34.826258,0.176894,Lucy,+254745338357,1550,6,7.4
TN031,Bungoma,34.418168,0.575397,Fredrick,+254768747616,16750,12,1.4
TN032,Kisumu,35.217387,-0.130955,Esther,+254701398660,5000,8,2.4
TN033,Trans Nzoia,35.088135,1.096171,Otieno,+254745827590,9750,9,12.8
TN034,Kisumu,35.101155,-0.16982,Achieng,+254112645361,3000,10,0.6
TN035,Kisumu,34.97785,-0.202617,Beatrice,+254790100031,11250,11,2.5
TN036,Homa Bay,34.921813,-0.471579,Wycliffe,+254701699389,1650,7,0.4
TN037,Kisumu,34.639961,-0.004291,Faith,+254112500665,8100,8,6.6
TN038,Siaya,34.17715,-0.058014,Akinyi,+254701563873,5000,8,6.8
TN039,Busia,34.149842,0.393462,Onyango,+254722762227,8850,11,10.3
TN040,Kisumu,34.91456,-0.13866,Peter,+254768159052,2550,7,0.8
TN041,Homa Bay,34.398503,-0.47462,Barasa,+254790815714,5750,7,4.1
TN042,Homa Bay,34.909857,-0.447365,Peter,+254112150623,1950,5,3.3
TN043,Trans Nzoia,34.725271,1.166219,Mukhwana,+254712794736,2850,7,7.1
TN044,Kakamega,35.078665,0.892112,Rose,+254768318333,3150,9,3.3
TN045,Bungoma,34.620737,0.737503,Kevin,+254112871061,2300,7,2.9
TN046,Kakamega,34.863369,0.624306,Elijah,+254745177372,2550,5,2.1
TN047,Homa Bay,34.834507,-0.41187,Ouma,+254110418094,1300,5,2.6
TN048,Bungoma,34.509443,0.664769,Jacinta,+254722246996,3550,7,1.8
TN049,Trans Nzoia,35.194937,0.991631,Judith,+254712920690,14550,8,2.9
TN050,Migori,34.392413,-1.00953,Akinyi,+254733877386,50700,13,0.2
TN051,Homa Bay,34.607716,-0.406486,Pauline,+254112895935,1850,5,9.9
TN052,Migori,34.456807,-1.224911,Omondi,+254790902072,2000,6,1.8
TN053,Migori,34.563389,-1.266582,Nyaboke,+254790107298,5350,7,0.8
TN054,Bungoma,34.972519,0.835044,Grace,+254722338358,6200,9,1.8
TN055,Bungoma,34.77593,0.594729,Judith,+254112876325,1250,4,6.5
TN056,Trans Nzoia,35.245375,1.069377,Bosibori,+254112953711,500,2,4.8
TN057,Trans Nzoia,34.954472,0.911163,Cyprian,+254701378015,5000,11,2.6
TN058,Homa Bay,34.305312,-0.793601,Sharon,+254112794127,13150,10,3.6
TN059,Trans Nzoia,34.848864,0.988429,Lucy,+254733635255,14200,8,2.7
TN060,Migori,34.598996,-0.885416,Faith,+254768118415,3950,9,9.5
TN061,Homa Bay,34.39412,-0.583898,Joseph,+254745471898,13850,12,3.2
TN062,Busia,34.202325,0.539979,Peter,+254701143988,3400,6,3.2
TN063,Siaya,34.415232,-0.019618,Moraa,+254733840123,1150,4,1.1
TN064,Bungoma,34.476744,0.820511,Beatrice,+254112572541,3500,7,2.1
TN065,Kakamega,34.740467,0.164573,Atieno,+254110284631,10050,9,2.1
TN066,Kakamega,34.708327,0.385462,Mogaka,+254790288563,4450,6,1.7
TN067,Migori,34.481392,-0.956252,John,+254701856559,2400,5,6.4
TN068,Homa Bay,34.173173,-0.487521,Winnie,+254790564214,4150,11,1.7
TN069,Bungoma,34.507834,0.821894,Pauline,+254112519398,5350,7,1.1
TN070,Busia,34.013378,0.072154,Hellen,+254722141833,4500,7,2.8
TN071,Bungoma,34.706614,0.689234,Auma,+254790760001,5200,9,0.3
TN072,Siaya,34.435318,0.158427,Cyprian,+254768443957,5600,8,1.7
TN073,Trans Nzoia,34.774033,0.941904,Jacinta,+254710122270,10400,9,0.5
TN074,Nyamira,35.013811,-0.490413,Irene,+254110061906,4450,6,4.7
TN075,Kisumu,35.11603,-0.062828,Beatrice,+254768379367,3450,8,1.7
TN076,Homa Bay,34.762239,-0.466249,Rose,+254733443792,5500,9,5.6
TN077,Kakamega,34.766415,0.354119,Kemunto,+254768273203,6750,10,1.1
TN078,Homa Bay,34.481839,-0.527798,Jane,+254733527432,850,4,0.8
TN079,Homa Bay,34.184403,-0.721596,Esther,+254701465632,11150,12,5.9
TN080,Migori,34.543656,-0.950527,Wycliffe,+254710978689,18300,11,4.2
TN081,Nyamira,34.948531,-0.511093,Atieno,+254745385999,4050,7,7.9
TN082,Siaya,34.357899,0.087857,Dennis,+254110996999,6900,9,0.9
TN083,Siaya,34.164702,-0.062459,James,+254733531169,2050,7,0.8
TN084,Migori,34.650959,-1.314076,Dorcas,+254712631809,7300,9,1.5
TN085,Trans Nzoia,35.274719,0.959737,Irene,+254768168206,1850,5,9.9
TN086,Kakamega,34.750671,0.165025,Mercy,+254790884118,4700,8,3.7
TN087,Siaya,34.161087,-0.028728,Daniel,+254722578923,6700,8,8.8
TN088,Migori,34.681696,-1.340282,Bosibori,+254745698187,1950,7,5.1
TN089,Trans Nzoia,34.826001,1.204567,Odhiambo,+254710890501,1450,7,2.5
TN090,Bungoma,34.566498,0.680091,Wanjala,+254790396502,2900,8,0.6
TN091,Homa Bay,34.262158,-0.734183,Nekesa,+254712094809,2400,8,2.8
TN092,Bungoma,34.753649,0.739618,Evans,+254722567245,3000,9,2.3
TN093,Kisumu,35.296746,-0.210837,Mercy,+254722755530,1500,7,10.5
TN094,Trans Nzoia,34.725517,1.013073,Wanjala,+254112823260,10550,9,3.1
TN095,Nyamira,35.021364,-0.609983,Onyango,+254768436426,3100,5,3.7
TN096,Homa Bay,34.262001,-0.755701,Vincent,+254722757451,5900,9,8.6
TN097,Trans Nzoia,35.040361,1.025103,Hellen,+254712528311,900,7,0.7
TN098,Trans Nzoia,34.917379,0.950115,Nyabuto,+254110022402,2350,5,2.1
TN099,Kisii,34.975613,-0.866547,Nyabuto,+254710829703,16700,9,2.9
TN100,Kisumu,35.300193,-0.190441,Irene,+254712034737,1800,6,1.7
TN101,Siaya,34.223843,0.088168,Grace,+254768573500,5150,7,1.6
TN102,Kakamega,34.854716,0.349895,Naliaka,+254790780619,26050,13,4.2
TN103,Siaya,34.159458,0.192486,Moses,+254710018119,3950,8,2.1
TN104,Nyamira,34.861817,-0.654984,Anyango,+254701038917,15400,12,0.3
TN105,Kakamega,34.708877,0.364071,Dennis,+254722925633,1800,6,0.6
TN106,Busia,34.006399,0.038711,Jacinta,+254701380657,2600,7,16.3
TN107,Siaya,34.13305,0.070447,Samuel,+254790724044,3750,6,7.1
TN108,Kisii,34.757727,-0.797577,Mogaka,+254110873953,2450,6,2.7
TN109,Kakamega,34.698287,0.332579,Beatrice,+254733649802,5400,5,3.5
TN110,Homa Bay,34.590414,-0.562449,John,+254701466816,800,3,4.9
TN111,Kakamega,34.724183,0.389777,Beatrice,+254710916600,1550,5,4.4
TN112,Nyamira,35.044443,-0.680934,Ouma,+254745026867,12900,11,0.7
TN113,Siaya,34.083165,0.06428,Wycliffe,+254701325685,4400,6,4.1
TN114,Busia,34.314554,0.3703,Mukhwana,+254768989628,6150,11,3.7
TN115,Bungoma,34.571061,0.914505,Nyaboke,+254768672094,18000,13,0.2
TN116,Kisumu,34.98361,-0.184846,Winnie,+254712508202,800,3,3.2
TN117,Siaya,34.424185,-0.131313,Daniel,+254712146312,300,1,3.3
TN118,Migori,34.355933,-0.95226,James,+254768185044,19500,9,1.3
TN119,Bungoma,34.508433,0.962181,Rose,+254110767104,1150,5,3.2
TN120,Busia,34.117268,0.301227,Jacinta,+254112339870,4250,6,3.6
TN121,Siaya,34.174231,0.228068,Wanjala,+254745202427,900,4,1.6
TN122,Homa Bay,34.612936,-0.519845,Bosibori,+254710081559,400,3,4.0
TN123,Kisii,34.81274,-0.760037,Kevin,+254722068978,3650,8,3.8
TN124,Kisumu,35.087987,-0.104854,Joseph,+254110083008,5950,10,1.7
TN125,Kisii,34.682415,-0.813408,Peter,+254722365190,1850,4,0.6
TN126,Siaya,34.335401,-0.282452,Rebecca,+254733014470,400,4,2.3
TN127,Trans Nzoia,34.806528,1.183423,Silas,+254710948130,5150,9,1.7
TN128,Kisii,34.702496,-0.943839,Vincent,+254745414049,21600,13,6.2
TN129,Kisumu,35.144587,-0.124924,Atieno,+254745065619,800,5,2.9
TN130,Kakamega,34.849169,0.391111,James,+254733751926,7750,7,3.8
TN131,Bungoma,34.434104,0.615405,Naliaka,+254733140684,5000,4,3.0
TN132,Siaya,34.368576,-0.273502,Rose,+254733810009,750,4,7.3
TN133,Trans Nzoia,34.882989,1.184074,Anyango,+254701532844,9700,12,2.2
TN134,Homa Bay,34.30552,-0.83345,Wanjala,+254768205580,4600,7,2.3
TN135,Migori,34.209707,-0.83722,Jane,+254733877347,3450,6,7.6
TN136,Kakamega,34.57242,0.115762,Ogeto,+254712313011,12350,10,1.5
TN137,Migori,34.335614,-1.032242,Rebecca,+254768793275,4050,9,8.0
TN138,Kakamega,34.815559,0.242465,Samuel,+254112339241,12400,11,2.7
TN139,Kisumu,34.90027,-0.037297,Nekesa,+254790652409,41400,11,3.7
TN140,Homa Bay,34.603058,-0.522064,John,+254790883820,4750,7,1.9
TN141,Kisii,34.643633,-0.933805,Fredrick,+254701145098,5850,8,5.3
TN142,Migori,34.667761,-1.213433,Moraa,+254733426462,2350,7,3.7
TN143,Homa Bay,34.141218,-0.589413,Moses,+254768206985,15750,12,2.7
TN144,Trans Nzoia,34.765932,1.152609,Collins,+254768144724,1300,4,0.6
TN145,Busia,34.208008,0.593778,Moraa,+254790489830,2500,5,1.5
TN146,Kakamega,34.937143,0.344136,Omondi,+254712649063,3800,8,2.9
TN147,Bungoma,34.83026,0.654872,Hellen,+254733530702,3400,7,7.1
TN148,Kisumu,34.896582,-0.248338,Vincent,+254768755438,2100,5,1.5
TN149,Homa Bay,34.383419,-0.48209,Mercy,+254112584057,8800,9,4.6
TN150,Siaya,34.084595,0.120315,Akinyi,+254110616600,3000,8,0.6
TN151,Bungoma,34.65969,0.647081,Daniel,+254790609928,600,3,4.8
TN152,Vihiga,34.720328,0.096115,Sharon,+254110241272,11350,10,0.7
TN153,Siaya,34.398684,-0.108778,James,+254112222340,19000,10,5.2
TN154,Bungoma,34.688515,0.840571,Joseph,+254722934040,2400,7,1.5
TN155,Kakamega,34.633254,0.347739,Ouma,+254790281677,13600,10,3.2
TN156,Kakamega,34.570725,0.272826,Kevin,+254722069386,2450,7,3.0
TN157,Kisumu,34.994943,-0.187645,Samuel,+254710882944,1650,6,0.8
TN158,Bungoma,34.548093,0.723734,Mercy,+254768080792,1750,5,6.4
TN159,Kisii,34.824964,-0.831853,Moses,+254701058262,17450,10,5.5
TN160,Migori,34.57786,-1.10737,Nyabuto,+254733344610,13700,10,1.4
TN161,Trans Nzoia,34.853956,1.119647,Mukhwana,+254733237372,7500,9,6.1
TN162,Vihiga,34.575735,0.046055,Jane,+254112074265,1600,7,2.7
TN163,Migori,34.569269,-0.990131,Onyango,+254712488931,8200,8,0.5
TN164,Homa Bay,34.362879,-0.807902,Dorcas,+254745424293,1500,7,8.0
TN165,Kisumu,34.463883,-0.160113,Kemunto,+254722522734,7000,11,4.0
TN166,Kakamega,34.909534,0.343797,Rose,+254745801212,2450,8,5.2
TN167,Busia,34.255482,0.565934,Ouma,+254790076170,2400,8,1.6
TN168,Migori,34.160716,-0.933831,Achieng,+254790168007,2500,6,0.8
TN169,Kakamega,34.874518,0.331209,Irene,+254722816603,600,4,4.8
TN170,Busia,34.328979,0.73209,Otieno,+254110002650,800,5,6.5
TN171,Kakamega,34.876959,0.363536,Achieng,+254701970992,3500,5,0.3
TN172,Busia,34.164907,0.446335,Akinyi,+254710446773,1500,5,9.7
TN173,Busia,34.381774,0.678513,Wanjala,+254112352043,8400,7,1.6
TN174,Kakamega,34.802066,0.440285,Nyabuto,+254745729676,11500,7,7.8
TN175,Trans Nzoia,34.958187,0.992141,Hellen,+254110969879,1000,5,2.0
TN176,Kisii,34.726791,-0.614196,Mukhwana,+254712017603,1050,5,3.4
TN177,Siaya,34.243666,-0.176672,Irene,+254110638825,3450,6,2.1
TN178,Homa Bay,34.031059,-0.442395,Dorcas,+254112446147,23000,12,0.5
TN179,Busia,34.050109,0.227808,Mogaka,+254722280667,1950,7,0.6
TN180,Bungoma,34.553731,1.089114,Onyango,+254110613324,6250,9,1.0
TN181,Kisii,34.720725,-0.699458,Nekesa,+254745371042,900,4,1.9
TN182,Nyamira,35.022112,-0.68689,Peter,+254712995187,1750,7,0.4
TN183,Nyamira,34.969212,-0.451738,Samuel,+254790646810,6100,11,1.8
TN184,Migori,34.560966,-0.790389,Barasa,+254701374947,3150,4,3.8
TN185,Kisii,34.700484,-0.702624,Silas,+254733637988,6200,10,9.1
TN186,Homa Bay,34.084794,-0.783788,Moraa,+254110566287,4400,6,3.3
TN187,Kakamega,34.844311,0.416006,James,+254733495633,3900,9,1.4
TN188,Trans Nzoia,35.081186,1.142794,Faith,+254745994023,3800,9,1.7
TN189,Kakamega,34.599709,0.184822,Rose,+254701691650,13500,10,0.7
TN190,Migori,34.3953,-1.089569,Grace,+254701852909,3700,7,2.3
TN191,Siaya,34.215218,0.105151,Winnie,+254745134232,8500,9,2.0
TN192,Migori,34.327479,-0.955109,Nekesa,+254701121123,3100,7,3.2
TN193,Kisii,34.93627,-0.785529,Jane,+254745976562,4250,8,6.1
TN194,Trans Nzoia,35.325006,1.021306,Hellen,+254768785491,1500,7,5.0
TN195,Siaya,34.29679,-0.249284,Jacinta,+254745664010,600,1,1.0
TN196,Migori,34.411992,-0.831042,Silas,+254768475366,2650,6,0.3
TN197,Migori,34.668167,-1.320598,Rebecca,+254110546930,4250,9,0.5
TN198,Siaya,34.29048,0.133967,Omondi,+254722899659,2500,6,1.3
TN199,Migori,34.549172,-0.863184,Bosibori,+254722514211,6300,8,4.3
TN200,Bungoma,34.532544,0.989011,Akinyi,+254710198222,1900,6,1.2
